{
  "agriculture": {
    "national_stats": {
      "workforce_percentage": 14.2,
      "gdp_contribution": 12.2,
      "export_value_million_usd": 1250
    },
    "governorates": [
      {
        "governorate_id": 1,
        "name": "Tunis",
        "arable_land_percentage": 9.4,
        "irrigation_coverage": 23.3,
        "agricultural_workforce": 17.9,
        "main_crops": [
          "olives",
          "wheat",
          "barley",
          "fishery products"
        ],
        "water_availability_score": 4.3,
        "soil_quality_score": 5.3,
        "agricultural_tech_parks": 1,
        "storage_facilities": 1,
        "processing_plants": 0
      },
      {
        "governorate_id": 2,
        "name": "Ariana",
        "arable_land_percentage": 17.2,
        "irrigation_coverage": 29.4,
        "agricultural_workforce": 10,
        "main_crops": [
          "olives",
          "wheat",
          "barley",
          "fishery products"
        ],
        "water_availability_score": 5.6,
        "soil_quality_score": 5.4,
        "agricultural_tech_parks": 0,
        "storage_facilities": 4,
        "processing_plants": 0
      },
      {
        "governorate_id": 3,
        "name": "Ben Arous",
        "arable_land_percentage": 8.4,
        "irrigation_coverage": 30,
        "agricultural_workforce": 15.6,
        "main_crops": [
          "olives",
          "wheat",
          "barley",
          "fishery products"
        ],
        "water_availability_score": 4.5,
        "soil_quality_score": 4.4,
        "agricultural_tech_parks": 1,
        "storage_facilities": 3,
        "processing_plants": 1
      },
      {
        "governorate_id": 4,
        "name": "Manouba",
        "arable_land_percentage": 8.6,
        "irrigation_coverage": 23.3,
        "agricultural_workforce": 5.2,
        "main_crops": [
          "olives",
          "wheat",
          "barley"
        ],
        "water_availability_score": 5.6,
        "soil_quality_score": 5.6,
        "agricultural_tech_parks": 0,
        "storage_facilities": 1,
        "processing_plants": 0
      },
      {
        "governorate_id": 5,
        "name": "Nabeul",
        "arable_land_percentage": 35.5,
        "irrigation_coverage": 53.4,
        "agricultural_workforce": 35.8,
        "main_crops": [
          "olives",
          "wheat",
          "barley",
          "citrus",
          "grapes",
          "flowers",
          "fishery products"
        ],
        "water_availability_score": 6.7,
        "soil_quality_score": 8.8,
        "agricultural_tech_parks": 1,
        "storage_facilities": 8,
        "processing_plants": 10
      },
      {
        "governorate_id": 6,
        "name": "Zaghouan",
        "arable_land_percentage": 23.9,
        "irrigation_coverage": 30.4,
        "agricultural_workforce": 18.1,
        "main_crops": [
          "olives",
          "wheat",
          "barley",
          "citrus",
          "grapes",
          "flowers"
        ],
        "water_availability_score": 5.7,
        "soil_quality_score": 4.2,
        "agricultural_tech_parks": 0,
        "storage_facilities": 4,
        "processing_plants": 2
      },
      {
        "governorate_id": 7,
        "name": "Bizerte",
        "arable_land_percentage": 33.1,
        "irrigation_coverage": 53.7,
        "agricultural_workforce": 20.7,
        "main_crops": [
          "olives",
          "wheat",
          "barley",
          "fruits",
          "vegetables",
          "dairy"
        ],
        "water_availability_score": 7.3,
        "soil_quality_score": 7,
        "agricultural_tech_parks": 3,
        "storage_facilities": 7,
        "processing_plants": 7
      },
      {
        "governorate_id": 8,
        "name": "Béja",
        "arable_land_percentage": 55.2,
        "irrigation_coverage": 50.3,
        "agricultural_workforce": 22.7,
        "main_crops": [
          "olives",
          "wheat",
          "barley",
          "fruits",
          "vegetables",
          "dairy"
        ],
        "water_availability_score": 6.6,
        "soil_quality_score": 8.3,
        "agricultural_tech_parks": 1,
        "storage_facilities": 7,
        "processing_plants": 6
      },
      {
        "governorate_id": 9,
        "name": "Jendouba",
        "arable_land_percentage": 58.3,
        "irrigation_coverage": 73.8,
        "agricultural_workforce": 34.8,
        "main_crops": [
          "olives",
          "wheat",
          "barley",
          "fruits",
          "vegetables",
          "dairy",
          "sugar beet",
          "tobacco"
        ],
        "water_availability_score": 7.4,
        "soil_quality_score": 8.4,
        "agricultural_tech_parks": 2,
        "storage_facilities": 5,
        "processing_plants": 7
      },
      {
        "governorate_id": 10,
        "name": "Kef",
        "arable_land_percentage": 58.9,
        "irrigation_coverage": 70.1,
        "agricultural_workforce": 31.2,
        "main_crops": [
          "olives",
          "wheat",
          "barley",
          "fruits",
          "vegetables",
          "dairy"
        ],
        "water_availability_score": 8.5,
        "soil_quality_score": 9.1,
        "agricultural_tech_parks": 1,
        "storage_facilities": 6,
        "processing_plants": 6
      },
      {
        "governorate_id": 11,
        "name": "Siliana",
        "arable_land_percentage": 58.8,
        "irrigation_coverage": 74.2,
        "agricultural_workforce": 28.3,
        "main_crops": [
          "olives",
          "wheat",
          "barley",
          "fruits",
          "vegetables",
          "dairy"
        ],
        "water_availability_score": 8.4,
        "soil_quality_score": 7.9,
        "agricultural_tech_parks": 2,
        "storage_facilities": 10,
        "processing_plants": 3
      },
      {
        "governorate_id": 12,
        "name": "Sousse",
        "arable_land_percentage": 56.5,
        "irrigation_coverage": 57.5,
        "agricultural_workforce": 28.8,
        "main_crops": [
          "olives",
          "wheat",
          "barley",
          "fishery products"
        ],
        "water_availability_score": 6,
        "soil_quality_score": 6.8,
        "agricultural_tech_parks": 2,
        "storage_facilities": 13,
        "processing_plants": 3
      },
      {
        "governorate_id": 13,
        "name": "Monastir",
        "arable_land_percentage": 10.1,
        "irrigation_coverage": 12.4,
        "agricultural_workforce": 14.1,
        "main_crops": [
          "olives",
          "wheat",
          "barley",
          "fishery products"
        ],
        "water_availability_score": 4.1,
        "soil_quality_score": 5.2,
        "agricultural_tech_parks": 1,
        "storage_facilities": 2,
        "processing_plants": 1
      },
      {
        "governorate_id": 14,
        "name": "Mahdia",
        "arable_land_percentage": 26.1,
        "irrigation_coverage": 30.1,
        "agricultural_workforce": 13.3,
        "main_crops": [
          "olives",
          "wheat",
          "barley",
          "fishery products"
        ],
        "water_availability_score": 3.1,
        "soil_quality_score": 4.4,
        "agricultural_tech_parks": 0,
        "storage_facilities": 2,
        "processing_plants": 1
      },
      {
        "governorate_id": 15,
        "name": "Sfax",
        "arable_land_percentage": 44.6,
        "irrigation_coverage": 59.8,
        "agricultural_workforce": 29.2,
        "main_crops": [
          "olives",
          "wheat",
          "barley",
          "fishery products"
        ],
        "water_availability_score": 7.1,
        "soil_quality_score": 7.3,
        "agricultural_tech_parks": 3,
        "storage_facilities": 10,
        "processing_plants": 7
      },
      {
        "governorate_id": 16,
        "name": "Kairouan",
        "arable_land_percentage": 38.7,
        "irrigation_coverage": 48.8,
        "agricultural_workforce": 29.3,
        "main_crops": [
          "olives",
          "wheat",
          "barley",
          "almonds",
          "pistachios",
          "apples"
        ],
        "water_availability_score": 6.7,
        "soil_quality_score": 7,
        "agricultural_tech_parks": 3,
        "storage_facilities": 15,
        "processing_plants": 7
      },
      {
        "governorate_id": 17,
        "name": "Kasserine",
        "arable_land_percentage": 53.5,
        "irrigation_coverage": 63.3,
        "agricultural_workforce": 24.6,
        "main_crops": [
          "olives",
          "wheat",
          "barley",
          "almonds",
          "pistachios",
          "apples"
        ],
        "water_availability_score": 6.1,
        "soil_quality_score": 6.7,
        "agricultural_tech_parks": 1,
        "storage_facilities": 11,
        "processing_plants": 6
      },
      {
        "governorate_id": 18,
        "name": "Sidi Bouzid",
        "arable_land_percentage": 40.3,
        "irrigation_coverage": 69.8,
        "agricultural_workforce": 36.7,
        "main_crops": [
          "olives",
          "wheat",
          "barley",
          "almonds",
          "pistachios",
          "apples"
        ],
        "water_availability_score": 6.1,
        "soil_quality_score": 7,
        "agricultural_tech_parks": 1,
        "storage_facilities": 9,
        "processing_plants": 4
      },
      {
        "governorate_id": 19,
        "name": "Gabès",
        "arable_land_percentage": 9.1,
        "irrigation_coverage": 25.4,
        "agricultural_workforce": 9.7,
        "main_crops": [
          "olives",
          "wheat",
          "barley",
          "dates",
          "fishery products"
        ],
        "water_availability_score": 3.3,
        "soil_quality_score": 6.2,
        "agricultural_tech_parks": 0,
        "storage_facilities": 3,
        "processing_plants": 0
      },
      {
        "governorate_id": 20,
        "name": "Médenine",
        "arable_land_percentage": 17.3,
        "irrigation_coverage": 14.7,
        "agricultural_workforce": 16.3,
        "main_crops": [
          "olives",
          "wheat",
          "barley",
          "fishery products"
        ],
        "water_availability_score": 5.3,
        "soil_quality_score": 5.4,
        "agricultural_tech_parks": 1,
        "storage_facilities": 4,
        "processing_plants": 2
      },
      {
        "governorate_id": 21,
        "name": "Tataouine",
        "arable_land_percentage": 28,
        "irrigation_coverage": 19.9,
        "agricultural_workforce": 11.1,
        "main_crops": [
          "olives",
          "wheat",
          "barley"
        ],
        "water_availability_score": 4.9,
        "soil_quality_score": 5.7,
        "agricultural_tech_parks": 0,
        "storage_facilities": 3,
        "processing_plants": 0
      },
      {
        "governorate_id": 22,
        "name": "Gafsa",
        "arable_land_percentage": 6,
        "irrigation_coverage": 20.7,
        "agricultural_workforce": 16.4,
        "main_crops": [
          "olives",
          "wheat",
          "barley",
          "dates"
        ],
        "water_availability_score": 5.8,
        "soil_quality_score": 6,
        "agricultural_tech_parks": 0,
        "storage_facilities": 2,
        "processing_plants": 1
      },
      {
        "governorate_id": 23,
        "name": "Tozeur",
        "arable_land_percentage": 17.5,
        "irrigation_coverage": 21.3,
        "agricultural_workforce": 15.3,
        "main_crops": [
          "olives",
          "wheat",
          "barley",
          "dates"
        ],
        "water_availability_score": 3.6,
        "soil_quality_score": 5.6,
        "agricultural_tech_parks": 1,
        "storage_facilities": 1,
        "processing_plants": 0
      },
      {
        "governorate_id": 24,
        "name": "Kebili",
        "arable_land_percentage": 25.6,
        "irrigation_coverage": 20.2,
        "agricultural_workforce": 13.4,
        "main_crops": [
          "olives",
          "wheat",
          "barley",
          "dates"
        ],
        "water_availability_score": 4.3,
        "soil_quality_score": 5.4,
        "agricultural_tech_parks": 1,
        "storage_facilities": 1,
        "processing_plants": 2
      }
    ]
  },
  "tourism": {
    "national_stats": {
      "workforce_percentage": 8.5,
      "gdp_contribution": 7.8,
      "annual_visitors_millions": 6.2
    },
    "governorates": [
      {
        "governorate_id": 1,
        "name": "Tunis",
        "hotel_capacity": 22932,
        "occupancy_rate": 52.7,
        "beach_length_km": 47,
        "cultural_sites": 25,
        "annual_visitors": 1222006,
        "tourism_workforce": 10.8,
        "seasonal_employment_variation": 33.1,
        "infrastructure_quality": 7.2,
        "airport_proximity_km": 8
      },
      {
        "governorate_id": 2,
        "name": "Ariana",
        "hotel_capacity": 6608,
        "occupancy_rate": 56.4,
        "beach_length_km": 48,
        "cultural_sites": 3,
        "annual_visitors": 1463824,
        "tourism_workforce": 18.3,
        "seasonal_employment_variation": 38,
        "infrastructure_quality": 7.5,
        "airport_proximity_km": 10
      },
      {
        "governorate_id": 3,
        "name": "Ben Arous",
        "hotel_capacity": 6652,
        "occupancy_rate": 56.5,
        "beach_length_km": 10,
        "cultural_sites": 3,
        "annual_visitors": 216949,
        "tourism_workforce": 14.9,
        "seasonal_employment_variation": 24.7,
        "infrastructure_quality": 8.4,
        "airport_proximity_km": 15
      },
      {
        "governorate_id": 4,
        "name": "Manouba",
        "hotel_capacity": 331,
        "occupancy_rate": 36.9,
        "beach_length_km": 0,
        "cultural_sites": 3,
        "annual_visitors": 45941,
        "tourism_workforce": 4.6,
        "seasonal_employment_variation": 13.5,
        "infrastructure_quality": 4.7,
        "airport_proximity_km": 135
      },
      {
        "governorate_id": 5,
        "name": "Nabeul",
        "hotel_capacity": 33994,
        "occupancy_rate": 69.9,
        "beach_length_km": 34,
        "cultural_sites": 16,
        "annual_visitors": 652469,
        "tourism_workforce": 25,
        "seasonal_employment_variation": 27.4,
        "infrastructure_quality": 6.9,
        "airport_proximity_km": 60
      },
      {
        "governorate_id": 6,
        "name": "Zaghouan",
        "hotel_capacity": 1638,
        "occupancy_rate": 32.3,
        "beach_length_km": 0,
        "cultural_sites": 4,
        "annual_visitors": 45374,
        "tourism_workforce": 7.4,
        "seasonal_employment_variation": 14.9,
        "infrastructure_quality": 4,
        "airport_proximity_km": 179
      },
      {
        "governorate_id": 7,
        "name": "Bizerte",
        "hotel_capacity": 6573,
        "occupancy_rate": 61.1,
        "beach_length_km": 41,
        "cultural_sites": 23,
        "annual_visitors": 180539,
        "tourism_workforce": 20.9,
        "seasonal_employment_variation": 22.1,
        "infrastructure_quality": 7.2,
        "airport_proximity_km": 60
      },
      {
        "governorate_id": 8,
        "name": "Béja",
        "hotel_capacity": 1902,
        "occupancy_rate": 40.2,
        "beach_length_km": 0,
        "cultural_sites": 2,
        "annual_visitors": 51193,
        "tourism_workforce": 1.3,
        "seasonal_employment_variation": 13,
        "infrastructure_quality": 4.3,
        "airport_proximity_km": 173
      },
      {
        "governorate_id": 9,
        "name": "Jendouba",
        "hotel_capacity": 1682,
        "occupancy_rate": 39.8,
        "beach_length_km": 0,
        "cultural_sites": 2,
        "annual_visitors": 97926,
        "tourism_workforce": 4.7,
        "seasonal_employment_variation": 17.3,
        "infrastructure_quality": 3.3,
        "airport_proximity_km": 178
      },
      {
        "governorate_id": 10,
        "name": "Kef",
        "hotel_capacity": 752,
        "occupancy_rate": 37.3,
        "beach_length_km": 0,
        "cultural_sites": 10,
        "annual_visitors": 73450,
        "tourism_workforce": 5.6,
        "seasonal_employment_variation": 8,
        "infrastructure_quality": 5.8,
        "airport_proximity_km": 52
      },
      {
        "governorate_id": 11,
        "name": "Siliana",
        "hotel_capacity": 1621,
        "occupancy_rate": 39.6,
        "beach_length_km": 0,
        "cultural_sites": 3,
        "annual_visitors": 99435,
        "tourism_workforce": 5.7,
        "seasonal_employment_variation": 16.3,
        "infrastructure_quality": 4.5,
        "airport_proximity_km": 219
      },
      {
        "governorate_id": 12,
        "name": "Sousse",
        "hotel_capacity": 21643,
        "occupancy_rate": 54,
        "beach_length_km": 36,
        "cultural_sites": 16,
        "annual_visitors": 1283892,
        "tourism_workforce": 17,
        "seasonal_employment_variation": 37.7,
        "infrastructure_quality": 7.8,
        "airport_proximity_km": 40
      },
      {
        "governorate_id": 13,
        "name": "Monastir",
        "hotel_capacity": 22194,
        "occupancy_rate": 66.7,
        "beach_length_km": 27,
        "cultural_sites": 29,
        "annual_visitors": 863920,
        "tourism_workforce": 15.3,
        "seasonal_employment_variation": 22.6,
        "infrastructure_quality": 7.7,
        "airport_proximity_km": 5
      },
      {
        "governorate_id": 14,
        "name": "Mahdia",
        "hotel_capacity": 17496,
        "occupancy_rate": 74.9,
        "beach_length_km": 48,
        "cultural_sites": 10,
        "annual_visitors": 492646,
        "tourism_workforce": 20.4,
        "seasonal_employment_variation": 20.9,
        "infrastructure_quality": 6.9,
        "airport_proximity_km": 60
      },
      {
        "governorate_id": 15,
        "name": "Sfax",
        "hotel_capacity": 18654,
        "occupancy_rate": 51.1,
        "beach_length_km": 21,
        "cultural_sites": 13,
        "annual_visitors": 132945,
        "tourism_workforce": 11.7,
        "seasonal_employment_variation": 27.5,
        "infrastructure_quality": 8.8,
        "airport_proximity_km": 10
      },
      {
        "governorate_id": 16,
        "name": "Kairouan",
        "hotel_capacity": 12373,
        "occupancy_rate": 53.4,
        "beach_length_km": 0,
        "cultural_sites": 19,
        "annual_visitors": 1212175,
        "tourism_workforce": 15.5,
        "seasonal_employment_variation": 6.7,
        "infrastructure_quality": 8.7,
        "airport_proximity_km": 220
      },
      {
        "governorate_id": 17,
        "name": "Kasserine",
        "hotel_capacity": 1598,
        "occupancy_rate": 31.6,
        "beach_length_km": 0,
        "cultural_sites": 5,
        "annual_visitors": 28777,
        "tourism_workforce": 4.8,
        "seasonal_employment_variation": 7.1,
        "infrastructure_quality": 5.8,
        "airport_proximity_km": 221
      },
      {
        "governorate_id": 18,
        "name": "Sidi Bouzid",
        "hotel_capacity": 1913,
        "occupancy_rate": 43.3,
        "beach_length_km": 0,
        "cultural_sites": 5,
        "annual_visitors": 63735,
        "tourism_workforce": 2.5,
        "seasonal_employment_variation": 16.5,
        "infrastructure_quality": 3.6,
        "airport_proximity_km": 146
      },
      {
        "governorate_id": 19,
        "name": "Gabès",
        "hotel_capacity": 15300,
        "occupancy_rate": 61.5,
        "beach_length_km": 46,
        "cultural_sites": 5,
        "annual_visitors": 240591,
        "tourism_workforce": 22,
        "seasonal_employment_variation": 33,
        "infrastructure_quality": 8.7,
        "airport_proximity_km": 12
      },
      {
        "governorate_id": 20,
        "name": "Médenine",
        "hotel_capacity": 36009,
        "occupancy_rate": 70.3,
        "beach_length_km": 46,
        "cultural_sites": 4,
        "annual_visitors": 657803,
        "tourism_workforce": 14.3,
        "seasonal_employment_variation": 38.3,
        "infrastructure_quality": 7,
        "airport_proximity_km": 30
      },
      {
        "governorate_id": 21,
        "name": "Tataouine",
        "hotel_capacity": 959,
        "occupancy_rate": 20.4,
        "beach_length_km": 0,
        "cultural_sites": 3,
        "annual_visitors": 74093,
        "tourism_workforce": 3.6,
        "seasonal_employment_variation": 17,
        "infrastructure_quality": 5.3,
        "airport_proximity_km": 117
      },
      {
        "governorate_id": 22,
        "name": "Gafsa",
        "hotel_capacity": 1173,
        "occupancy_rate": 24.2,
        "beach_length_km": 0,
        "cultural_sites": 2,
        "annual_visitors": 93605,
        "tourism_workforce": 3,
        "seasonal_employment_variation": 17,
        "infrastructure_quality": 3.5,
        "airport_proximity_km": 182
      },
      {
        "governorate_id": 23,
        "name": "Tozeur",
        "hotel_capacity": 32691,
        "occupancy_rate": 69.1,
        "beach_length_km": 0,
        "cultural_sites": 26,
        "annual_visitors": 429413,
        "tourism_workforce": 14.6,
        "seasonal_employment_variation": 8.4,
        "infrastructure_quality": 7,
        "airport_proximity_km": 6
      },
      {
        "governorate_id": 24,
        "name": "Kebili",
        "hotel_capacity": 1818,
        "occupancy_rate": 41.1,
        "beach_length_km": 0,
        "cultural_sites": 2,
        "annual_visitors": 46438,
        "tourism_workforce": 8,
        "seasonal_employment_variation": 9.7,
        "infrastructure_quality": 4.5,
        "airport_proximity_km": 130
      }
    ]
  },
  "manufacturing": {
    "national_stats": {
      "workforce_percentage": 33.1,
      "gdp_contribution": 29.5,
      "export_value_billion_usd": 8.7
    },
    "governorates": [
      {
        "governorate_id": 1,
        "name": "Tunis",
        "industrial_zones": 4,
        "manufacturing_workforce": 26.2,
        "skilled_labor_percentage": 52,
        "port_proximity_km": 5,
        "energy_cost_index": 6.8,
        "raw_material_access": 7.9,
        "export_infrastructure": 8.4,
        "technology_level": 6.4
      },
      {
        "governorate_id": 2,
        "name": "Ariana",
        "industrial_zones": 10,
        "manufacturing_workforce": 23.4,
        "skilled_labor_percentage": 43.4,
        "port_proximity_km": 15,
        "energy_cost_index": 7.4,
        "raw_material_access": 6.7,
        "export_infrastructure": 6.7,
        "technology_level": 7.4
      },
      {
        "governorate_id": 3,
        "name": "Ben Arous",
        "industrial_zones": 10,
        "manufacturing_workforce": 38,
        "skilled_labor_percentage": 48.3,
        "port_proximity_km": 10,
        "energy_cost_index": 6.4,
        "raw_material_access": 6.4,
        "export_infrastructure": 7.8,
        "technology_level": 8.6
      },
      {
        "governorate_id": 4,
        "name": "Manouba",
        "industrial_zones": 1,
        "manufacturing_workforce": 12.7,
        "skilled_labor_percentage": 34.3,
        "port_proximity_km": 219,
        "energy_cost_index": 7.2,
        "raw_material_access": 4.1,
        "export_infrastructure": 3.4,
        "technology_level": 3.8
      },
      {
        "governorate_id": 5,
        "name": "Nabeul",
        "industrial_zones": 5,
        "manufacturing_workforce": 24.8,
        "skilled_labor_percentage": 45.4,
        "port_proximity_km": 50,
        "energy_cost_index": 6.2,
        "raw_material_access": 6.4,
        "export_infrastructure": 8,
        "technology_level": 8.6
      },
      {
        "governorate_id": 6,
        "name": "Zaghouan",
        "industrial_zones": 0,
        "manufacturing_workforce": 8.1,
        "skilled_labor_percentage": 38.4,
        "port_proximity_km": 150,
        "energy_cost_index": 7.2,
        "raw_material_access": 3.2,
        "export_infrastructure": 3.3,
        "technology_level": 4
      },
      {
        "governorate_id": 7,
        "name": "Bizerte",
        "industrial_zones": 4,
        "manufacturing_workforce": 34.6,
        "skilled_labor_percentage": 63.4,
        "port_proximity_km": 3,
        "energy_cost_index": 6.9,
        "raw_material_access": 5.4,
        "export_infrastructure": 7.4,
        "technology_level": 8.3
      },
      {
        "governorate_id": 8,
        "name": "Béja",
        "industrial_zones": 2,
        "manufacturing_workforce": 14,
        "skilled_labor_percentage": 35.5,
        "port_proximity_km": 256,
        "energy_cost_index": 8.7,
        "raw_material_access": 3.6,
        "export_infrastructure": 5.1,
        "technology_level": 3.8
      },
      {
        "governorate_id": 9,
        "name": "Jendouba",
        "industrial_zones": 1,
        "manufacturing_workforce": 11.3,
        "skilled_labor_percentage": 34.1,
        "port_proximity_km": 125,
        "energy_cost_index": 8.8,
        "raw_material_access": 4.4,
        "export_infrastructure": 5.4,
        "technology_level": 3.7
      },
      {
        "governorate_id": 10,
        "name": "Kef",
        "industrial_zones": 2,
        "manufacturing_workforce": 12.6,
        "skilled_labor_percentage": 31.1,
        "port_proximity_km": 260,
        "energy_cost_index": 8.3,
        "raw_material_access": 4.5,
        "export_infrastructure": 6.1,
        "technology_level": 4.4
      },
      {
        "governorate_id": 11,
        "name": "Siliana",
        "industrial_zones": 1,
        "manufacturing_workforce": 9.9,
        "skilled_labor_percentage": 29.3,
        "port_proximity_km": 222,
        "energy_cost_index": 7.6,
        "raw_material_access": 4.5,
        "export_infrastructure": 5.5,
        "technology_level": 5.2
      },
      {
        "governorate_id": 12,
        "name": "Sousse",
        "industrial_zones": 4,
        "manufacturing_workforce": 36.6,
        "skilled_labor_percentage": 50.8,
        "port_proximity_km": 4,
        "energy_cost_index": 7.8,
        "raw_material_access": 8,
        "export_infrastructure": 6.9,
        "technology_level": 7
      },
      {
        "governorate_id": 13,
        "name": "Monastir",
        "industrial_zones": 5,
        "manufacturing_workforce": 22.3,
        "skilled_labor_percentage": 62,
        "port_proximity_km": 7,
        "energy_cost_index": 7.7,
        "raw_material_access": 6.8,
        "export_infrastructure": 6.8,
        "technology_level": 8.9
      },
      {
        "governorate_id": 14,
        "name": "Mahdia",
        "industrial_zones": 0,
        "manufacturing_workforce": 7,
        "skilled_labor_percentage": 33.1,
        "port_proximity_km": 5,
        "energy_cost_index": 9,
        "raw_material_access": 4.5,
        "export_infrastructure": 4.9,
        "technology_level": 5.2
      },
      {
        "governorate_id": 15,
        "name": "Sfax",
        "industrial_zones": 6,
        "manufacturing_workforce": 32.9,
        "skilled_labor_percentage": 64.9,
        "port_proximity_km": 2,
        "energy_cost_index": 7,
        "raw_material_access": 5.5,
        "export_infrastructure": 8.9,
        "technology_level": 7.7
      },
      {
        "governorate_id": 16,
        "name": "Kairouan",
        "industrial_zones": 1,
        "manufacturing_workforce": 12.9,
        "skilled_labor_percentage": 17.2,
        "port_proximity_km": 157,
        "energy_cost_index": 6.4,
        "raw_material_access": 2.1,
        "export_infrastructure": 4.6,
        "technology_level": 4.9
      },
      {
        "governorate_id": 17,
        "name": "Kasserine",
        "industrial_zones": 1,
        "manufacturing_workforce": 18.4,
        "skilled_labor_percentage": 22.7,
        "port_proximity_km": 177,
        "energy_cost_index": 6.2,
        "raw_material_access": 2.5,
        "export_infrastructure": 4.4,
        "technology_level": 5.2
      },
      {
        "governorate_id": 18,
        "name": "Sidi Bouzid",
        "industrial_zones": 1,
        "manufacturing_workforce": 17,
        "skilled_labor_percentage": 35.8,
        "port_proximity_km": 185,
        "energy_cost_index": 7.6,
        "raw_material_access": 2.8,
        "export_infrastructure": 5.1,
        "technology_level": 5
      },
      {
        "governorate_id": 19,
        "name": "Gabès",
        "industrial_zones": 8,
        "manufacturing_workforce": 38,
        "skilled_labor_percentage": 49.7,
        "port_proximity_km": 6,
        "energy_cost_index": 8.4,
        "raw_material_access": 5.9,
        "export_infrastructure": 8.9,
        "technology_level": 6.9
      },
      {
        "governorate_id": 20,
        "name": "Médenine",
        "industrial_zones": 2,
        "manufacturing_workforce": 7.2,
        "skilled_labor_percentage": 33.5,
        "port_proximity_km": 40,
        "energy_cost_index": 7,
        "raw_material_access": 4,
        "export_infrastructure": 5.6,
        "technology_level": 3.1
      },
      {
        "governorate_id": 21,
        "name": "Tataouine",
        "industrial_zones": 2,
        "manufacturing_workforce": 18.8,
        "skilled_labor_percentage": 15.7,
        "port_proximity_km": 265,
        "energy_cost_index": 6.5,
        "raw_material_access": 2.1,
        "export_infrastructure": 4.5,
        "technology_level": 3.7
      },
      {
        "governorate_id": 22,
        "name": "Gafsa",
        "industrial_zones": 1,
        "manufacturing_workforce": 7.5,
        "skilled_labor_percentage": 25.7,
        "port_proximity_km": 248,
        "energy_cost_index": 6.5,
        "raw_material_access": 4.1,
        "export_infrastructure": 3.7,
        "technology_level": 3.4
      },
      {
        "governorate_id": 23,
        "name": "Tozeur",
        "industrial_zones": 1,
        "manufacturing_workforce": 11.3,
        "skilled_labor_percentage": 25.5,
        "port_proximity_km": 297,
        "energy_cost_index": 7,
        "raw_material_access": 3.8,
        "export_infrastructure": 5.6,
        "technology_level": 3.8
      },
      {
        "governorate_id": 24,
        "name": "Kebili",
        "industrial_zones": 2,
        "manufacturing_workforce": 7.7,
        "skilled_labor_percentage": 30.3,
        "port_proximity_km": 206,
        "energy_cost_index": 6.5,
        "raw_material_access": 2,
        "export_infrastructure": 3.8,
        "technology_level": 3.7
      }
    ]
  }
}
